{"cameraMode":{"drawMode":0,"name":"Shaded","section":"Shading Mode"},"sceneLighting":true,"audioPlay":false,"sceneViewState":{"showFog":true,"showMaterialUpdate":false,"showSkybox":true,"showFlares":true,"showImageEffects":true,"showParticleSystems":true},"in2DMode":false,"pivot":{"x":9.440338134765625,"y":-7.51708984375,"z":-2.455078125},"rotation":{"x":-0.06993027031421662,"y":-0.5016534328460693,"z":0.04070136696100235,"w":-0.86129230260849},"size":15.983187675476075,"orthographic":true}