{"cameraMode":{"drawMode":0,"name":"Shaded","section":"Shading Mode"},"sceneLighting":false,"audioPlay":false,"sceneViewState":{"showFog":true,"showMaterialUpdate":false,"showSkybox":false,"showFlares":true,"showImageEffects":true,"showParticleSystems":true},"in2DMode":false,"pivot":{"x":-0.3676277995109558,"y":0.8881645202636719,"z":0.9965553283691406},"rotation":{"x":0.14169783890247346,"y":-0.06647256761789322,"z":0.00953685399144888,"w":0.9876312017440796},"size":2.666025161743164,"orthographic":false}