{"cameraMode":{"drawMode":0,"name":"Shaded","section":"Shading Mode"},"sceneLighting":true,"audioPlay":false,"sceneViewState":{"showFog":true,"showMaterialUpdate":false,"showSkybox":true,"showFlares":true,"showImageEffects":true,"showParticleSystems":true},"in2DMode":false,"pivot":{"x":-4.196063995361328,"y":1.5000271797180176,"z":-0.6840643882751465},"rotation":{"x":0.106008380651474,"y":0.8058581948280335,"z":-0.1519007384777069,"w":0.5623915791511536},"size":7.244753360748291,"orthographic":false}